{
	"credit": "Made with Blockbench",
	"textures": {
		"1": "block/grass_block_side_8",
		"2": "block/moss_block",
		"3": "block/dirt_block_8",
		"4": "item/wand",
		"5": "block/stripped_dark_oak_log",
		"particle": "block/stripped_dark_oak_log"
	},
	"elements": [
		{
			"from": [7.055, -8.1, 7],
			"to": [8.655, 12.9, 9],
			"faces": {
				"north": {"uv": [1, 1, 3, 15], "texture": "#5"},
				"east": {"uv": [3, 1, 5, 15], "texture": "#5"},
				"south": {"uv": [5, 1, 7, 15], "texture": "#5"},
				"west": {"uv": [7, 1, 9, 15], "texture": "#5"},
				"up": {"uv": [9, 1, 11, 3], "texture": "#5"},
				"down": {"uv": [14, 14, 16, 16], "texture": "#5"}
			}
		},
		{
			"from": [14, 3, 7.005],
			"to": [15.25, 8.75, 8.995],
			"rotation": {"angle": 45, "axis": "z", "origin": [0, 0, 0]},
			"faces": {
				"north": {"uv": [7, 1, 8.25, 5.75], "texture": "#5"},
				"east": {"uv": [5, 7, 7, 11.75], "texture": "#5"},
				"south": {"uv": [10, 1, 11.25, 5.75], "texture": "#5"},
				"west": {"uv": [7, 7, 9, 11.75], "texture": "#5"},
				"up": {"uv": [3, 1, 4.25, 3], "texture": "#5"},
				"down": {"uv": [12, 9, 13.25, 11], "texture": "#5"}
			}
		},
		{
			"from": [3.7, 16.09, 7],
			"to": [4.6, 17.84, 9],
			"faces": {
				"north": {"uv": [4, 3, 4.9, 4.75], "texture": "#5"},
				"east": {"uv": [0, 0, 2, 1.75], "texture": "#5"},
				"south": {"uv": [5, 3, 5.9, 4.75], "texture": "#5"},
				"west": {"uv": [7, 8, 9, 9.75], "texture": "#5"},
				"up": {"uv": [2, 2, 2.9, 4], "texture": "#5"},
				"down": {"uv": [10, 3, 10.9, 5], "texture": "#5"}
			}
		},
		{
			"from": [-10, 15.25, 7.005],
			"to": [-8.75, 19.25, 8.995],
			"rotation": {"angle": -45, "axis": "z", "origin": [0, 0, 0]},
			"faces": {
				"north": {"uv": [5, 2, 6.25, 6], "texture": "#5"},
				"east": {"uv": [7, 11.75, 5, 7], "texture": "#5"},
				"south": {"uv": [8, 3, 9.25, 7], "texture": "#5"},
				"west": {"uv": [9, 11.75, 7, 7], "texture": "#5"},
				"up": {"uv": [0, 0, 1.25, 2], "texture": "#5"},
				"down": {"uv": [0, 0, 1.25, 2], "texture": "#5"}
			}
		},
		{
			"from": [6.54, 19.683, 7],
			"to": [9.04, 20.683, 9],
			"faces": {
				"north": {"uv": [7, 3, 8, 5.5], "rotation": 270, "texture": "#5"},
				"east": {"uv": [4, 3, 5, 5], "rotation": 90, "texture": "#5"},
				"south": {"uv": [4, 0, 5, 2.5], "rotation": 90, "texture": "#5"},
				"west": {"uv": [0, 0, 1, 2], "rotation": 90, "texture": "#5"},
				"up": {"uv": [10, 2, 12, 4.5], "rotation": 90, "texture": "#5"},
				"down": {"uv": [6, 8, 8, 10.5], "rotation": 90, "texture": "#5"}
			}
		},
		{
			"from": [7.5, 16.5, -7.5],
			"to": [9.5, 18.5, -5.5],
			"rotation": {"angle": 45, "axis": "x", "origin": [0, 0, 0]},
			"faces": {
				"north": {"uv": [0, 0, 8, 8], "texture": "#2"},
				"east": {"uv": [16, 0, 0, 16], "rotation": 90, "texture": "#1"},
				"south": {"uv": [0, 0, 16, 16], "texture": "#3"},
				"west": {"uv": [16, 0, 0, 16], "rotation": 270, "texture": "#1"},
				"up": {"uv": [0, 0, 16, 16], "texture": "#1"},
				"down": {"uv": [0, 16, 16, 0], "texture": "#1"}
			}
		},
		{
			"from": [5.5, 14.5, -6.5],
			"to": [11.5, 20.5, -6.4],
			"rotation": {"angle": 45, "axis": "x", "origin": [0, 0, 0]},
			"faces": {
				"north": {"uv": [0, 0, 16, 16], "texture": "#4"},
				"east": {"uv": [0, 16, 1, 0], "texture": "#4"},
				"south": {"uv": [0, 0, 16, 16], "texture": "#4"},
				"west": {"uv": [0, 16, 1, 0], "texture": "#4"},
				"up": {"uv": [0, 16, 1, 0], "texture": "#4"},
				"down": {"uv": [0, 16, 1, 0], "texture": "#4"}
			}
		}
	],
	"display": {
		"thirdperson_righthand": {
			"rotation": [0, -153, 0],
			"translation": [0, 6.25, 1.5],
			"scale": [0.85, 0.85, 0.85]
		},
		"thirdperson_lefthand": {
			"rotation": [0, 33, 0],
			"translation": [0, 6.25, 1.5],
			"scale": [0.85, 0.85, 0.85]
		},
		"firstperson_righthand": {
			"rotation": [0, 130, -13],
			"translation": [3, 0, 0],
			"scale": [0.75, 0.75, 0.75]
		},
		"firstperson_lefthand": {
			"rotation": [0, -60, 13],
			"translation": [3, 0, 0],
			"scale": [0.75, 0.75, 0.75]
		},
		"ground": {
			"translation": [0, 11, 0],
			"scale": [0.85, 0.85, 0.85]
		},
		"gui": {
			"rotation": [0, 145, 42],
			"translation": [0.5, 1, 0],
			"scale": [0.65, 0.65, 0.65]
		},
		"head": {
			"translation": [0, 6.75, 0]
		},
		"fixed": {
			"rotation": [0, 0, 45],
			"translation": [-1, 1.25, 0],
			"scale": [0.85, 0.85, 0.85]
		}
	}
}